Plate	Well	Sample	Forward UMI	Reverse UMI	Forward Primer Name	Reverse Primer Name	Negative Control	Kingdom	Phylum	Class	Order	Family	Subfamily	Genus	Species	Forward Primer Sequence	Reverse Primer Sequence	Marker	Reference Library	Min amplicon length	Max amplicon length	Target amplicon length	Primary OTU clustering threshold	Secondary OTU clustering threshold	Tax assign probability threshold	BIN assign threshold
Plate01	A01	ON-OAT002-01-A01	CACATATCAGAGTGCG	ATAGCGACGCGATATA	C_LepFolF	C_LepFolR		Animalia	Arthropoda	Insecta						RKTCAACMAATCATAAAGATATTGG	TAAACTTCWGGRTGWCCAAAAAATCA	COI-5P	BOLDistilled_COI_Apr2026	550	950	658	0.95	0.97	0.6	0.97
Plate01	A02	ON-OAT002-01-A02	ACACACAGACTGTGAG	ATAGCGACGCGATATA	C_LepFolF	C_LepFolR		Animalia	Arthropoda	Insecta						RKTCAACMAATCATAAAGATATTGG	TAAACTTCWGGRTGWCCAAAAAATCA	COI-5P	BOLDistilled_COI_Apr2026	550	950	658	0.95	0.97	0.6	0.97
Plate01	A03	ON-OAT002-01-A03	ACACATCTCGTGAGAG	ATAGCGACGCGATATA	C_LepFolF	C_LepFolR		Animalia	Arthropoda	Insecta						RKTCAACMAATCATAAAGATATTGG	TAAACTTCWGGRTGWCCAAAAAATCA	COI-5P	BOLDistilled_COI_Apr2026	550	950	658	0.95	0.97	0.6	0.97
Plate01	A04	ON-OAT002-01-A04	CACGCACACACGCGCG	ATAGCGACGCGATATA	C_LepFolF	C_LepFolR		Animalia	Arthropoda	Insecta						RKTCAACMAATCATAAAGATATTGG	TAAACTTCWGGRTGWCCAAAAAATCA	COI-5P	BOLDistilled_COI_Apr2026	550	950	658	0.95	0.97	0.6	0.97
Plate01	A05	ON-OAT002-01-A05	CACTCGACTCTCGCGT	ATAGCGACGCGATATA	C_LepFolF	C_LepFolR		Animalia	Arthropoda	Insecta						RKTCAACMAATCATAAAGATATTGG	TAAACTTCWGGRTGWCCAAAAAATCA	COI-5P	BOLDistilled_COI_Apr2026	550	950	658	0.95	0.97	0.6	0.97
Plate01	A06	ON-OAT002-01-A06	CATATATATCAGCTGT	ATAGCGACGCGATATA	C_LepFolF	C_LepFolR		Animalia	Arthropoda	Insecta						RKTCAACMAATCATAAAGATATTGG	TAAACTTCWGGRTGWCCAAAAAATCA	COI-5P	BOLDistilled_COI_Apr2026	550	950	658	0.95	0.97	0.6	0.97
Plate01	A07	ON-OAT002-01-A07	TCTGTATCTCTATGTG	ATAGCGACGCGATATA	C_LepFolF	C_LepFolR		Animalia	Arthropoda	Insecta						RKTCAACMAATCATAAAGATATTGG	TAAACTTCWGGRTGWCCAAAAAATCA	COI-5P	BOLDistilled_COI_Apr2026	550	950	658	0.95	0.97	0.6	0.97
Plate01	A08	ON-OAT002-01-A08	ACAGTCGAGCGCTGCG	ATAGCGACGCGATATA	C_LepFolF	C_LepFolR		Animalia	Arthropoda	Insecta						RKTCAACMAATCATAAAGATATTGG	TAAACTTCWGGRTGWCCAAAAAATCA	COI-5P	BOLDistilled_COI_Apr2026	550	950	658	0.95	0.97	0.6	0.97
Plate01	A09	ON-OAT002-01-A09	ACACACGCGAGACAGA	ATAGCGACGCGATATA	C_LepFolF	C_LepFolR		Animalia	Arthropoda	Insecta						RKTCAACMAATCATAAAGATATTGG	TAAACTTCWGGRTGWCCAAAAAATCA	COI-5P	BOLDistilled_COI_Apr2026	550	950	658	0.95	0.97	0.6	0.97
Plate01	A10	ON-OAT002-01-A10	ACGCGCTATCTCAGAG	ATAGCGACGCGATATA	C_LepFolF	C_LepFolR		Animalia	Arthropoda	Insecta						RKTCAACMAATCATAAAGATATTGG	TAAACTTCWGGRTGWCCAAAAAATCA	COI-5P	BOLDistilled_COI_Apr2026	550	950	658	0.95	0.97	0.6	0.97
Plate01	A11	ON-OAT002-01-A11	CTATACGTATATCTAT	ATAGCGACGCGATATA	C_LepFolF	C_LepFolR		Animalia	Arthropoda	Insecta						RKTCAACMAATCATAAAGATATTGG	TAAACTTCWGGRTGWCCAAAAAATCA	COI-5P	BOLDistilled_COI_Apr2026	550	950	658	0.95	0.97	0.6	0.97
Plate01	A12	ON-OAT002-01-A12	ACACTAGATCGCGTGT	ATAGCGACGCGATATA	C_LepFolF	C_LepFolR		Animalia	Arthropoda	Insecta						RKTCAACMAATCATAAAGATATTGG	TAAACTTCWGGRTGWCCAAAAAATCA	COI-5P	BOLDistilled_COI_Apr2026	550	950	658	0.95	0.97	0.6	0.97
Plate01	B01	ON-OAT002-01-B01	CTCTCGCATACGCGAG	ATAGCGACGCGATATA	C_LepFolF	C_LepFolR		Animalia	Arthropoda	Insecta						RKTCAACMAATCATAAAGATATTGG	TAAACTTCWGGRTGWCCAAAAAATCA	COI-5P	BOLDistilled_COI_Apr2026	550	950	658	0.95	0.97	0.6	0.97
Plate01	B02	ON-OAT002-01-B02	CTCACTACGCGCGCGT	ATAGCGACGCGATATA	C_LepFolF	C_LepFolR		Animalia	Arthropoda	Insecta						RKTCAACMAATCATAAAGATATTGG	TAAACTTCWGGRTGWCCAAAAAATCA	COI-5P	BOLDistilled_COI_Apr2026	550	950	658	0.95	0.97	0.6	0.97
Plate01	B03	ON-OAT002-01-B03	CGCATGACACGTGTGT	ATAGCGACGCGATATA	C_LepFolF	C_LepFolR		Animalia	Arthropoda	Insecta						RKTCAACMAATCATAAAGATATTGG	TAAACTTCWGGRTGWCCAAAAAATCA	COI-5P	BOLDistilled_COI_Apr2026	550	950	658	0.95	0.97	0.6	0.97
Plate01	B04	ON-OAT002-01-B04	CATAGAGAGATAGTAT	ATAGCGACGCGATATA	C_LepFolF	C_LepFolR		Animalia	Arthropoda	Insecta						RKTCAACMAATCATAAAGATATTGG	TAAACTTCWGGRTGWCCAAAAAATCA	COI-5P	BOLDistilled_COI_Apr2026	550	950	658	0.95	0.97	0.6	0.97
Plate01	B05	ON-OAT002-01-B05	CACACGCGCGCTATAT	ATAGCGACGCGATATA	C_LepFolF	C_LepFolR		Animalia	Arthropoda	Insecta						RKTCAACMAATCATAAAGATATTGG	TAAACTTCWGGRTGWCCAAAAAATCA	COI-5P	BOLDistilled_COI_Apr2026	550	950	658	0.95	0.97	0.6	0.97
Plate01	B06	ON-OAT002-01-B06	TCACGTGCTCACTGTG	ATAGCGACGCGATATA	C_LepFolF	C_LepFolR		Animalia	Arthropoda	Insecta						RKTCAACMAATCATAAAGATATTGG	TAAACTTCWGGRTGWCCAAAAAATCA	COI-5P	BOLDistilled_COI_Apr2026	550	950	658	0.95	0.97	0.6	0.97
Plate01	B07	ON-OAT002-01-B07	ACACACTCTATCAGAT	ATAGCGACGCGATATA	C_LepFolF	C_LepFolR		Animalia	Arthropoda	Insecta						RKTCAACMAATCATAAAGATATTGG	TAAACTTCWGGRTGWCCAAAAAATCA	COI-5P	BOLDistilled_COI_Apr2026	550	950	658	0.95	0.97	0.6	0.97
Plate01	B08	ON-OAT002-01-B08	CACGACACGACGATGT	ATAGCGACGCGATATA	C_LepFolF	C_LepFolR		Animalia	Arthropoda	Insecta						RKTCAACMAATCATAAAGATATTGG	TAAACTTCWGGRTGWCCAAAAAATCA	COI-5P	BOLDistilled_COI_Apr2026	550	950	658	0.95	0.97	0.6	0.97
Plate01	B09	ON-OAT002-01-B09	CTATACATAGTGATGT	ATAGCGACGCGATATA	C_LepFolF	C_LepFolR		Animalia	Arthropoda	Insecta						RKTCAACMAATCATAAAGATATTGG	TAAACTTCWGGRTGWCCAAAAAATCA	COI-5P	BOLDistilled_COI_Apr2026	550	950	658	0.95	0.97	0.6	0.97
Plate01	B10	ON-OAT002-01-B10	CACTCACGTGTGATAT	ATAGCGACGCGATATA	C_LepFolF	C_LepFolR		Animalia	Arthropoda	Insecta						RKTCAACMAATCATAAAGATATTGG	TAAACTTCWGGRTGWCCAAAAAATCA	COI-5P	BOLDistilled_COI_Apr2026	550	950	658	0.95	0.97	0.6	0.97
Plate01	B11	ON-OAT002-01-B11	CAGAGAGATATCTCTG	ATAGCGACGCGATATA	C_LepFolF	C_LepFolR		Animalia	Arthropoda	Insecta						RKTCAACMAATCATAAAGATATTGG	TAAACTTCWGGRTGWCCAAAAAATCA	COI-5P	BOLDistilled_COI_Apr2026	550	950	658	0.95	0.97	0.6	0.97
Plate01	B12	ON-OAT002-01-B12	CATGTAGAGCAGAGAG	ATAGCGACGCGATATA	C_LepFolF	C_LepFolR		Animalia	Arthropoda	Insecta						RKTCAACMAATCATAAAGATATTGG	TAAACTTCWGGRTGWCCAAAAAATCA	COI-5P	BOLDistilled_COI_Apr2026	550	950	658	0.95	0.97	0.6	0.97
Plate01	C01	ON-OAT002-01-C01	CGCGACACGCTCGCGC	ATAGCGACGCGATATA	C_LepFolF	C_LepFolR		Animalia	Arthropoda	Insecta						RKTCAACMAATCATAAAGATATTGG	TAAACTTCWGGRTGWCCAAAAAATCA	COI-5P	BOLDistilled_COI_Apr2026	550	950	658	0.95	0.97	0.6	0.97
Plate01	C02	ON-OAT002-01-C02	CACAGAGACACGCACA	ATAGCGACGCGATATA	C_LepFolF	C_LepFolR		Animalia	Arthropoda	Insecta						RKTCAACMAATCATAAAGATATTGG	TAAACTTCWGGRTGWCCAAAAAATCA	COI-5P	BOLDistilled_COI_Apr2026	550	950	658	0.95	0.97	0.6	0.97
Plate01	C03	ON-OAT002-01-C03	CTCACACTCTCTCACA	ATAGCGACGCGATATA	C_LepFolF	C_LepFolR		Animalia	Arthropoda	Insecta						RKTCAACMAATCATAAAGATATTGG	TAAACTTCWGGRTGWCCAAAAAATCA	COI-5P	BOLDistilled_COI_Apr2026	550	950	658	0.95	0.97	0.6	0.97
Plate01	C04	ON-OAT002-01-C04	CTCTGCTCTGACTCTC	ATAGCGACGCGATATA	C_LepFolF	C_LepFolR		Animalia	Arthropoda	Insecta						RKTCAACMAATCATAAAGATATTGG	TAAACTTCWGGRTGWCCAAAAAATCA	COI-5P	BOLDistilled_COI_Apr2026	550	950	658	0.95	0.97	0.6	0.97
Plate01	C05	ON-OAT002-01-C05	TATATATGTCTATAGA	ATAGCGACGCGATATA	C_LepFolF	C_LepFolR		Animalia	Arthropoda	Insecta						RKTCAACMAATCATAAAGATATTGG	TAAACTTCWGGRTGWCCAAAAAATCA	COI-5P	BOLDistilled_COI_Apr2026	550	950	658	0.95	0.97	0.6	0.97
Plate01	C06	ON-OAT002-01-C06	TCTCTCTATCGCGCTC	ATAGCGACGCGATATA	C_LepFolF	C_LepFolR		Animalia	Arthropoda	Insecta						RKTCAACMAATCATAAAGATATTGG	TAAACTTCWGGRTGWCCAAAAAATCA	COI-5P	BOLDistilled_COI_Apr2026	550	950	658	0.95	0.97	0.6	0.97
Plate01	C07	ON-OAT002-01-C07	GATGTCTGAGTGTGTG	ATAGCGACGCGATATA	C_LepFolF	C_LepFolR		Animalia	Arthropoda	Insecta						RKTCAACMAATCATAAAGATATTGG	TAAACTTCWGGRTGWCCAAAAAATCA	COI-5P	BOLDistilled_COI_Apr2026	550	950	658	0.95	0.97	0.6	0.97
Plate01	C08	ON-OAT002-01-C08	GAGACTAGAGATAGTG	ATAGCGACGCGATATA	C_LepFolF	C_LepFolR		Animalia	Arthropoda	Insecta						RKTCAACMAATCATAAAGATATTGG	TAAACTTCWGGRTGWCCAAAAAATCA	COI-5P	BOLDistilled_COI_Apr2026	550	950	658	0.95	0.97	0.6	0.97
Plate01	C09	ON-OAT002-01-C09	TCTCGTCGCAGTCTCT	ATAGCGACGCGATATA	C_LepFolF	C_LepFolR		Animalia	Arthropoda	Insecta						RKTCAACMAATCATAAAGATATTGG	TAAACTTCWGGRTGWCCAAAAAATCA	COI-5P	BOLDistilled_COI_Apr2026	550	950	658	0.95	0.97	0.6	0.97
Plate01	C10	ON-OAT002-01-C10	ATGTGTATATAGATAT	ATAGCGACGCGATATA	C_LepFolF	C_LepFolR		Animalia	Arthropoda	Insecta						RKTCAACMAATCATAAAGATATTGG	TAAACTTCWGGRTGWCCAAAAAATCA	COI-5P	BOLDistilled_COI_Apr2026	550	950	658	0.95	0.97	0.6	0.97
Plate01	C11	ON-OAT002-01-C11	GCGCGCGCACTCTCTG	ATAGCGACGCGATATA	C_LepFolF	C_LepFolR		Animalia	Arthropoda	Insecta						RKTCAACMAATCATAAAGATATTGG	TAAACTTCWGGRTGWCCAAAAAATCA	COI-5P	BOLDistilled_COI_Apr2026	550	950	658	0.95	0.97	0.6	0.97
Plate01	C12	ON-OAT002-01-C12	GAGACACGTCGCACAC	ATAGCGACGCGATATA	C_LepFolF	C_LepFolR		Animalia	Arthropoda	Insecta						RKTCAACMAATCATAAAGATATTGG	TAAACTTCWGGRTGWCCAAAAAATCA	COI-5P	BOLDistilled_COI_Apr2026	550	950	658	0.95	0.97	0.6	0.97
Plate01	D01	ON-OAT002-01-D01	ACACATATCGCACTAC	ATAGCGACGCGATATA	C_LepFolF	C_LepFolR		Animalia	Arthropoda	Insecta						RKTCAACMAATCATAAAGATATTGG	TAAACTTCWGGRTGWCCAAAAAATCA	COI-5P	BOLDistilled_COI_Apr2026	550	950	658	0.95	0.97	0.6	0.97
Plate01	D02	ON-OAT002-01-D02	GTGTGTCTCGATGCGC	ATAGCGACGCGATATA	C_LepFolF	C_LepFolR		Animalia	Arthropoda	Insecta						RKTCAACMAATCATAAAGATATTGG	TAAACTTCWGGRTGWCCAAAAAATCA	COI-5P	BOLDistilled_COI_Apr2026	550	950	658	0.95	0.97	0.6	0.97
Plate01	D03	ON-OAT002-01-D03	CGCACACATAGATACA	ATAGCGACGCGATATA	C_LepFolF	C_LepFolR		Animalia	Arthropoda	Insecta						RKTCAACMAATCATAAAGATATTGG	TAAACTTCWGGRTGWCCAAAAAATCA	COI-5P	BOLDistilled_COI_Apr2026	550	950	658	0.95	0.97	0.6	0.97
Plate01	D04	ON-OAT002-01-D04	TGTCATATGAGAGTGT	ATAGCGACGCGATATA	C_LepFolF	C_LepFolR		Animalia	Arthropoda	Insecta						RKTCAACMAATCATAAAGATATTGG	TAAACTTCWGGRTGWCCAAAAAATCA	COI-5P	BOLDistilled_COI_Apr2026	550	950	658	0.95	0.97	0.6	0.97
Plate01	D05	ON-OAT002-01-D05	TCTCGCGCGTGCACGC	ATAGCGACGCGATATA	C_LepFolF	C_LepFolR		Animalia	Arthropoda	Insecta						RKTCAACMAATCATAAAGATATTGG	TAAACTTCWGGRTGWCCAAAAAATCA	COI-5P	BOLDistilled_COI_Apr2026	550	950	658	0.95	0.97	0.6	0.97
Plate01	D06	ON-OAT002-01-D06	CTCGCTCGACGAGCGC	ATAGCGACGCGATATA	C_LepFolF	C_LepFolR		Animalia	Arthropoda	Insecta						RKTCAACMAATCATAAAGATATTGG	TAAACTTCWGGRTGWCCAAAAAATCA	COI-5P	BOLDistilled_COI_Apr2026	550	950	658	0.95	0.97	0.6	0.97
Plate01	D07	ON-OAT002-01-D07	TATAGAGCTCTACATA	ATAGCGACGCGATATA	C_LepFolF	C_LepFolR		Animalia	Arthropoda	Insecta						RKTCAACMAATCATAAAGATATTGG	TAAACTTCWGGRTGWCCAAAAAATCA	COI-5P	BOLDistilled_COI_Apr2026	550	950	658	0.95	0.97	0.6	0.97
Plate01	D08	ON-OAT002-01-D08	GCTGAGACGACGCGCG	ATAGCGACGCGATATA	C_LepFolF	C_LepFolR		Animalia	Arthropoda	Insecta						RKTCAACMAATCATAAAGATATTGG	TAAACTTCWGGRTGWCCAAAAAATCA	COI-5P	BOLDistilled_COI_Apr2026	550	950	658	0.95	0.97	0.6	0.97
Plate01	D09	ON-OAT002-01-D09	ACATATCGTACTCTCT	ATAGCGACGCGATATA	C_LepFolF	C_LepFolR		Animalia	Arthropoda	Insecta						RKTCAACMAATCATAAAGATATTGG	TAAACTTCWGGRTGWCCAAAAAATCA	COI-5P	BOLDistilled_COI_Apr2026	550	950	658	0.95	0.97	0.6	0.97
Plate01	D10	ON-OAT002-01-D10	GATATATCGAGTATAT	ATAGCGACGCGATATA	C_LepFolF	C_LepFolR		Animalia	Arthropoda	Insecta						RKTCAACMAATCATAAAGATATTGG	TAAACTTCWGGRTGWCCAAAAAATCA	COI-5P	BOLDistilled_COI_Apr2026	550	950	658	0.95	0.97	0.6	0.97
Plate01	D11	ON-OAT002-01-D11	TGTCATGTGTACACAC	ATAGCGACGCGATATA	C_LepFolF	C_LepFolR		Animalia	Arthropoda	Insecta						RKTCAACMAATCATAAAGATATTGG	TAAACTTCWGGRTGWCCAAAAAATCA	COI-5P	BOLDistilled_COI_Apr2026	550	950	658	0.95	0.97	0.6	0.97
Plate01	D12	ON-OAT002-01-D12	GTGTGCACTCACACTC	ATAGCGACGCGATATA	C_LepFolF	C_LepFolR		Animalia	Arthropoda	Insecta						RKTCAACMAATCATAAAGATATTGG	TAAACTTCWGGRTGWCCAAAAAATCA	COI-5P	BOLDistilled_COI_Apr2026	550	950	658	0.95	0.97	0.6	0.97
Plate01	E01	ON-OAT002-01-E01	ACACGTGTGCTCTCTC	ATAGCGACGCGATATA	C_LepFolF	C_LepFolR		Animalia	Arthropoda	Insecta						RKTCAACMAATCATAAAGATATTGG	TAAACTTCWGGRTGWCCAAAAAATCA	COI-5P	BOLDistilled_COI_Apr2026	550	950	658	0.95	0.97	0.6	0.97
Plate01	E02	ON-OAT002-01-E02	GATATACGCGAGAGAG	ATAGCGACGCGATATA	C_LepFolF	C_LepFolR		Animalia	Arthropoda	Insecta						RKTCAACMAATCATAAAGATATTGG	TAAACTTCWGGRTGWCCAAAAAATCA	COI-5P	BOLDistilled_COI_Apr2026	550	950	658	0.95	0.97	0.6	0.97
Plate01	E03	ON-OAT002-01-E03	CGTGTCTAGCGCGCGC	ATAGCGACGCGATATA	C_LepFolF	C_LepFolR		Animalia	Arthropoda	Insecta						RKTCAACMAATCATAAAGATATTGG	TAAACTTCWGGRTGWCCAAAAAATCA	COI-5P	BOLDistilled_COI_Apr2026	550	950	658	0.95	0.97	0.6	0.97
Plate01	E04	ON-OAT002-01-E04	GTGTGAGATATATATC	ATAGCGACGCGATATA	C_LepFolF	C_LepFolR		Animalia	Arthropoda	Insecta						RKTCAACMAATCATAAAGATATTGG	TAAACTTCWGGRTGWCCAAAAAATCA	COI-5P	BOLDistilled_COI_Apr2026	550	950	658	0.95	0.97	0.6	0.97
Plate01	E05	ON-OAT002-01-E05	CTCACGTACGTCACAC	ATAGCGACGCGATATA	C_LepFolF	C_LepFolR		Animalia	Arthropoda	Insecta						RKTCAACMAATCATAAAGATATTGG	TAAACTTCWGGRTGWCCAAAAAATCA	COI-5P	BOLDistilled_COI_Apr2026	550	950	658	0.95	0.97	0.6	0.97
Plate01	E06	ON-OAT002-01-E06	GCGCACGCACTACAGA	ATAGCGACGCGATATA	C_LepFolF	C_LepFolR		Animalia	Arthropoda	Insecta						RKTCAACMAATCATAAAGATATTGG	TAAACTTCWGGRTGWCCAAAAAATCA	COI-5P	BOLDistilled_COI_Apr2026	550	950	658	0.95	0.97	0.6	0.97
Plate01	E07	ON-OAT002-01-E07	CACACGAGATCTCATC	ATAGCGACGCGATATA	C_LepFolF	C_LepFolR		Animalia	Arthropoda	Insecta						RKTCAACMAATCATAAAGATATTGG	TAAACTTCWGGRTGWCCAAAAAATCA	COI-5P	BOLDistilled_COI_Apr2026	550	950	658	0.95	0.97	0.6	0.97
Plate01	E08	ON-OAT002-01-E08	AGACACACACGCACAT	ATAGCGACGCGATATA	C_LepFolF	C_LepFolR		Animalia	Arthropoda	Insecta						RKTCAACMAATCATAAAGATATTGG	TAAACTTCWGGRTGWCCAAAAAATCA	COI-5P	BOLDistilled_COI_Apr2026	550	950	658	0.95	0.97	0.6	0.97
Plate01	E09	ON-OAT002-01-E09	GACGAGCGTCTGAGAG	ATAGCGACGCGATATA	C_LepFolF	C_LepFolR		Animalia	Arthropoda	Insecta						RKTCAACMAATCATAAAGATATTGG	TAAACTTCWGGRTGWCCAAAAAATCA	COI-5P	BOLDistilled_COI_Apr2026	550	950	658	0.95	0.97	0.6	0.97
Plate01	E10	ON-OAT002-01-E10	TGTGTCTCTGAGAGTA	ATAGCGACGCGATATA	C_LepFolF	C_LepFolR		Animalia	Arthropoda	Arachnida						RKTCAACMAATCATAAAGATATTGG	TAAACTTCWGGRTGWCCAAAAAATCA	COI-5P	BOLDistilled_COI_Apr2026	550	950	658	0.95	0.97	0.6	0.97
Plate01	E11	ON-OAT002-01-E11	CACACGCACTGAGATA	ATAGCGACGCGATATA	C_LepFolF	C_LepFolR		Animalia	Arthropoda	Insecta						RKTCAACMAATCATAAAGATATTGG	TAAACTTCWGGRTGWCCAAAAAATCA	COI-5P	BOLDistilled_COI_Apr2026	550	950	658	0.95	0.97	0.6	0.97
Plate01	E12	ON-OAT002-01-E12	GATGAGTATAGACACA	ATAGCGACGCGATATA	C_LepFolF	C_LepFolR		Animalia	Arthropoda	Insecta						RKTCAACMAATCATAAAGATATTGG	TAAACTTCWGGRTGWCCAAAAAATCA	COI-5P	BOLDistilled_COI_Apr2026	550	950	658	0.95	0.97	0.6	0.97
Plate01	F01	ON-OAT002-01-F01	GCTGTGTGTGCTCGTC	ATAGCGACGCGATATA	C_LepFolF	C_LepFolR		Animalia	Arthropoda	Insecta						RKTCAACMAATCATAAAGATATTGG	TAAACTTCWGGRTGWCCAAAAAATCA	COI-5P	BOLDistilled_COI_Apr2026	550	950	658	0.95	0.97	0.6	0.97
Plate01	F02	ON-OAT002-01-F02	TCTCAGATAGTCTATA	ATAGCGACGCGATATA	C_LepFolF	C_LepFolR		Animalia	Arthropoda	Insecta						RKTCAACMAATCATAAAGATATTGG	TAAACTTCWGGRTGWCCAAAAAATCA	COI-5P	BOLDistilled_COI_Apr2026	550	950	658	0.95	0.97	0.6	0.97
Plate01	F03	ON-OAT002-01-F03	ACACGCATGACACACT	ATAGCGACGCGATATA	C_LepFolF	C_LepFolR		Animalia	Arthropoda	Insecta						RKTCAACMAATCATAAAGATATTGG	TAAACTTCWGGRTGWCCAAAAAATCA	COI-5P	BOLDistilled_COI_Apr2026	550	950	658	0.95	0.97	0.6	0.97
Plate01	F04	ON-OAT002-01-F04	TATATACAGAGTCGAG	ATAGCGACGCGATATA	C_LepFolF	C_LepFolR		Animalia	Arthropoda	Insecta						RKTCAACMAATCATAAAGATATTGG	TAAACTTCWGGRTGWCCAAAAAATCA	COI-5P	BOLDistilled_COI_Apr2026	550	950	658	0.95	0.97	0.6	0.97
Plate01	F05	ON-OAT002-01-F05	GCGCTCTCTCACATAC	ATAGCGACGCGATATA	C_LepFolF	C_LepFolR		Animalia	Arthropoda	Insecta						RKTCAACMAATCATAAAGATATTGG	TAAACTTCWGGRTGWCCAAAAAATCA	COI-5P	BOLDistilled_COI_Apr2026	550	950	658	0.95	0.97	0.6	0.97
Plate01	F06	ON-OAT002-01-F06	TATATGCTCTGTGTGA	ATAGCGACGCGATATA	C_LepFolF	C_LepFolR		Animalia	Arthropoda	Insecta						RKTCAACMAATCATAAAGATATTGG	TAAACTTCWGGRTGWCCAAAAAATCA	COI-5P	BOLDistilled_COI_Apr2026	550	950	658	0.95	0.97	0.6	0.97
Plate01	F07	ON-OAT002-01-F07	CTCTATATATCTCGTC	ATAGCGACGCGATATA	C_LepFolF	C_LepFolR		Animalia	Arthropoda	Insecta						RKTCAACMAATCATAAAGATATTGG	TAAACTTCWGGRTGWCCAAAAAATCA	COI-5P	BOLDistilled_COI_Apr2026	550	950	658	0.95	0.97	0.6	0.97
Plate01	F08	ON-OAT002-01-F08	AGAGAGCTCTCTCATC	ATAGCGACGCGATATA	C_LepFolF	C_LepFolR		Animalia	Arthropoda	Insecta						RKTCAACMAATCATAAAGATATTGG	TAAACTTCWGGRTGWCCAAAAAATCA	COI-5P	BOLDistilled_COI_Apr2026	550	950	658	0.95	0.97	0.6	0.97
Plate01	F09	ON-OAT002-01-F09	GCGAGAGTGAGACGCA	ATAGCGACGCGATATA	C_LepFolF	C_LepFolR		Animalia	Arthropoda	Insecta						RKTCAACMAATCATAAAGATATTGG	TAAACTTCWGGRTGWCCAAAAAATCA	COI-5P	BOLDistilled_COI_Apr2026	550	950	658	0.95	0.97	0.6	0.97
Plate01	F10	ON-OAT002-01-F10	TGCTCTCGTGTACTGT	ATAGCGACGCGATATA	C_LepFolF	C_LepFolR		Animalia	Arthropoda	Insecta						RKTCAACMAATCATAAAGATATTGG	TAAACTTCWGGRTGWCCAAAAAATCA	COI-5P	BOLDistilled_COI_Apr2026	550	950	658	0.95	0.97	0.6	0.97
Plate01	F11	ON-OAT002-01-F11	AGCGCTGCGACACGCG	ATAGCGACGCGATATA	C_LepFolF	C_LepFolR		Animalia	Arthropoda	Insecta						RKTCAACMAATCATAAAGATATTGG	TAAACTTCWGGRTGWCCAAAAAATCA	COI-5P	BOLDistilled_COI_Apr2026	550	950	658	0.95	0.97	0.6	0.97
Plate01	F12	ON-OAT002-01-F12	AGACGCGAGCGCGTAG	ATAGCGACGCGATATA	C_LepFolF	C_LepFolR		Animalia	Arthropoda	Insecta						RKTCAACMAATCATAAAGATATTGG	TAAACTTCWGGRTGWCCAAAAAATCA	COI-5P	BOLDistilled_COI_Apr2026	550	950	658	0.95	0.97	0.6	0.97
Plate01	G01	ON-OAT002-01-G01	GCGTGTGTCGAGTGTA	ATAGCGACGCGATATA	C_LepFolF	C_LepFolR		Animalia	Arthropoda	Insecta						RKTCAACMAATCATAAAGATATTGG	TAAACTTCWGGRTGWCCAAAAAATCA	COI-5P	BOLDistilled_COI_Apr2026	550	950	658	0.95	0.97	0.6	0.97
Plate01	G02	ON-OAT002-01-G02	TGTACGCTCTCTATAT	ATAGCGACGCGATATA	C_LepFolF	C_LepFolR		Animalia	Arthropoda	Insecta						RKTCAACMAATCATAAAGATATTGG	TAAACTTCWGGRTGWCCAAAAAATCA	COI-5P	BOLDistilled_COI_Apr2026	550	950	658	0.95	0.97	0.6	0.97
Plate01	G03	ON-OAT002-01-G03	TAGAGAGCGTCGCGTG	ATAGCGACGCGATATA	C_LepFolF	C_LepFolR		Animalia	Arthropoda	Insecta						RKTCAACMAATCATAAAGATATTGG	TAAACTTCWGGRTGWCCAAAAAATCA	COI-5P	BOLDistilled_COI_Apr2026	550	950	658	0.95	0.97	0.6	0.97
Plate01	G04	ON-OAT002-01-G04	GTGCACTCGCGCTCTC	ATAGCGACGCGATATA	C_LepFolF	C_LepFolR		Animalia	Arthropoda	Insecta						RKTCAACMAATCATAAAGATATTGG	TAAACTTCWGGRTGWCCAAAAAATCA	COI-5P	BOLDistilled_COI_Apr2026	550	950	658	0.95	0.97	0.6	0.97
Plate01	G05	ON-OAT002-01-G05	TATCTCTCGAGTCGCG	ATAGCGACGCGATATA	C_LepFolF	C_LepFolR		Animalia	Arthropoda	Insecta						RKTCAACMAATCATAAAGATATTGG	TAAACTTCWGGRTGWCCAAAAAATCA	COI-5P	BOLDistilled_COI_Apr2026	550	950	658	0.95	0.97	0.6	0.97
Plate01	G06	ON-OAT002-01-G06	CTCACACATACACGTC	ATAGCGACGCGATATA	C_LepFolF	C_LepFolR		Animalia	Arthropoda	Insecta						RKTCAACMAATCATAAAGATATTGG	TAAACTTCWGGRTGWCCAAAAAATCA	COI-5P	BOLDistilled_COI_Apr2026	550	950	658	0.95	0.97	0.6	0.97
Plate01	G07	ON-OAT002-01-G07	ATAGTACACTCTGTGT	ATAGCGACGCGATATA	C_LepFolF	C_LepFolR		Animalia	Arthropoda	Insecta						RKTCAACMAATCATAAAGATATTGG	TAAACTTCWGGRTGWCCAAAAAATCA	COI-5P	BOLDistilled_COI_Apr2026	550	950	658	0.95	0.97	0.6	0.97
Plate01	G08	ON-OAT002-01-G08	TATCTCTGTAGAGTCT	ATAGCGACGCGATATA	C_LepFolF	C_LepFolR		Animalia	Arthropoda	Insecta						RKTCAACMAATCATAAAGATATTGG	TAAACTTCWGGRTGWCCAAAAAATCA	COI-5P	BOLDistilled_COI_Apr2026	550	950	658	0.95	0.97	0.6	0.97
Plate01	G09	ON-OAT002-01-G09	GATATATATGTGTGTA	ATAGCGACGCGATATA	C_LepFolF	C_LepFolR		Animalia	Arthropoda	Insecta						RKTCAACMAATCATAAAGATATTGG	TAAACTTCWGGRTGWCCAAAAAATCA	COI-5P	BOLDistilled_COI_Apr2026	550	950	658	0.95	0.97	0.6	0.97
Plate01	G10	ON-OAT002-01-G10	GTGACACACAGAGCAC	ATAGCGACGCGATATA	C_LepFolF	C_LepFolR		Animalia	Arthropoda	Insecta						RKTCAACMAATCATAAAGATATTGG	TAAACTTCWGGRTGWCCAAAAAATCA	COI-5P	BOLDistilled_COI_Apr2026	550	950	658	0.95	0.97	0.6	0.97
Plate01	G11	ON-OAT002-01-G11	ATATGACATACACGCA	ATAGCGACGCGATATA	C_LepFolF	C_LepFolR		Animalia	Arthropoda	Insecta						RKTCAACMAATCATAAAGATATTGG	TAAACTTCWGGRTGWCCAAAAAATCA	COI-5P	BOLDistilled_COI_Apr2026	550	950	658	0.95	0.97	0.6	0.97
Plate01	G12	ON-OAT002-01-G12	CGTCTCTCGTCTGTGC	ATAGCGACGCGATATA	C_LepFolF	C_LepFolR		Animalia	Arthropoda	Insecta						RKTCAACMAATCATAAAGATATTGG	TAAACTTCWGGRTGWCCAAAAAATCA	COI-5P	BOLDistilled_COI_Apr2026	550	950	658	0.95	0.97	0.6	0.97
Plate01	H01	ON-OAT002-01-H01	ACACAGTAGAGCGAGC	ATAGCGACGCGATATA	C_LepFolF	C_LepFolR		Animalia	Arthropoda	Insecta						RKTCAACMAATCATAAAGATATTGG	TAAACTTCWGGRTGWCCAAAAAATCA	COI-5P	BOLDistilled_COI_Apr2026	550	950	658	0.95	0.97	0.6	0.97
Plate01	H02	ON-OAT002-01-H02	GTCGCGCATAGAGCGC	ATAGCGACGCGATATA	C_LepFolF	C_LepFolR		Animalia	Arthropoda	Insecta						RKTCAACMAATCATAAAGATATTGG	TAAACTTCWGGRTGWCCAAAAAATCA	COI-5P	BOLDistilled_COI_Apr2026	550	950	658	0.95	0.97	0.6	0.97
Plate01	H03	ON-OAT002-01-H03	CTATCTAGCACTCACA	ATAGCGACGCGATATA	C_LepFolF	C_LepFolR		Animalia	Arthropoda	Insecta						RKTCAACMAATCATAAAGATATTGG	TAAACTTCWGGRTGWCCAAAAAATCA	COI-5P	BOLDistilled_COI_Apr2026	550	950	658	0.95	0.97	0.6	0.97
Plate01	H04	ON-OAT002-01-H04	CGTGTCACTCTGCGTG	ATAGCGACGCGATATA	C_LepFolF	C_LepFolR		Animalia	Arthropoda	Insecta						RKTCAACMAATCATAAAGATATTGG	TAAACTTCWGGRTGWCCAAAAAATCA	COI-5P	BOLDistilled_COI_Apr2026	550	950	658	0.95	0.97	0.6	0.97
Plate01	H05	ON-OAT002-01-H05	CGCGCGAGTATCTCGT	ATAGCGACGCGATATA	C_LepFolF	C_LepFolR		Animalia	Arthropoda	Insecta						RKTCAACMAATCATAAAGATATTGG	TAAACTTCWGGRTGWCCAAAAAATCA	COI-5P	BOLDistilled_COI_Apr2026	550	950	658	0.95	0.97	0.6	0.97
Plate01	H06	ON-OAT002-01-H06	AGCACACATATAGCGC	ATAGCGACGCGATATA	C_LepFolF	C_LepFolR		Animalia	Arthropoda	Insecta						RKTCAACMAATCATAAAGATATTGG	TAAACTTCWGGRTGWCCAAAAAATCA	COI-5P	BOLDistilled_COI_Apr2026	550	950	658	0.95	0.97	0.6	0.97
Plate01	H07	ON-OAT002-01-H07	GTATATATATACGTCT	ATAGCGACGCGATATA	C_LepFolF	C_LepFolR		Animalia	Arthropoda	Insecta						RKTCAACMAATCATAAAGATATTGG	TAAACTTCWGGRTGWCCAAAAAATCA	COI-5P	BOLDistilled_COI_Apr2026	550	950	658	0.95	0.97	0.6	0.97
Plate01	H08	ON-OAT002-01-H08	TCTCACGAGAGCGCAC	ATAGCGACGCGATATA	C_LepFolF	C_LepFolR		Animalia	Arthropoda	Insecta						RKTCAACMAATCATAAAGATATTGG	TAAACTTCWGGRTGWCCAAAAAATCA	COI-5P	BOLDistilled_COI_Apr2026	550	950	658	0.95	0.97	0.6	0.97
Plate01	H09	ON-OAT002-01-H09	TAGATGCGAGAGTAGA	ATAGCGACGCGATATA	C_LepFolF	C_LepFolR		Animalia	Arthropoda	Insecta						RKTCAACMAATCATAAAGATATTGG	TAAACTTCWGGRTGWCCAAAAAATCA	COI-5P	BOLDistilled_COI_Apr2026	550	950	658	0.95	0.97	0.6	0.97
Plate01	H10	ON-OAT002-01-H10	ATAGCGACATCTCTCT	ATAGCGACGCGATATA	C_LepFolF	C_LepFolR		Animalia	Arthropoda	Insecta						RKTCAACMAATCATAAAGATATTGG	TAAACTTCWGGRTGWCCAAAAAATCA	COI-5P	BOLDistilled_COI_Apr2026	550	950	658	0.95	0.97	0.6	0.97
Plate01	H11	ON-OAT002-01-H11	GCACGATGTCAGCGCG	ATAGCGACGCGATATA	C_LepFolF	C_LepFolR		Animalia	Arthropoda	Insecta						RKTCAACMAATCATAAAGATATTGG	TAAACTTCWGGRTGWCCAAAAAATCA	COI-5P	BOLDistilled_COI_Apr2026	550	950	658	0.95	0.97	0.6	0.97
Plate01	H12	ON-OAT002-01-CONTROL-H12	TGTGCTCTCTACACAG	ATAGCGACGCGATATA	C_LepFolF	C_LepFolR	yes	Animalia								RKTCAACMAATCATAAAGATATTGG	TAAACTTCWGGRTGWCCAAAAAATCA	COI-5P	BOLDistilled_COI_Apr2026	550	950	658	0.95	0.97	0.6	0.97
Plate02	A01	ON-OAT002-02-A01	CACATATCAGAGTGCG	TCTCTCGATATGATAG	C_LepFolF	C_LepFolR		Arthropoda	Insecta	Lepidoptera						RKTCAACMAATCATAAAGATATTGG	TAAACTTCWGGRTGWCCAAAAAATCA	COI-5P	BOLDistilled_COI_Apr2026	550	950	658	0.95	0.97	0.6	0.97
Plate02	A02	ON-OAT002-02-A02	ACACACAGACTGTGAG	TCTCTCGATATGATAG	C_LepFolF	C_LepFolR		Arthropoda	Insecta	Coleoptera						RKTCAACMAATCATAAAGATATTGG	TAAACTTCWGGRTGWCCAAAAAATCA	COI-5P	BOLDistilled_COI_Apr2026	550	950	658	0.95	0.97	0.6	0.97
Plate02	A03	ON-OAT002-02-A03	ACACATCTCGTGAGAG	TCTCTCGATATGATAG	C_LepFolF	C_LepFolR		Arthropoda	Insecta	Diptera						RKTCAACMAATCATAAAGATATTGG	TAAACTTCWGGRTGWCCAAAAAATCA	COI-5P	BOLDistilled_COI_Apr2026	550	950	658	0.95	0.97	0.6	0.97
Plate02	A04	ON-OAT002-02-A04	CACGCACACACGCGCG	TCTCTCGATATGATAG	C_LepFolF	C_LepFolR		Arthropoda	Insecta	Lepidoptera						RKTCAACMAATCATAAAGATATTGG	TAAACTTCWGGRTGWCCAAAAAATCA	COI-5P	BOLDistilled_COI_Apr2026	550	950	658	0.95	0.97	0.6	0.97
Plate02	A05	ON-OAT002-02-A05	CACTCGACTCTCGCGT	TCTCTCGATATGATAG	C_LepFolF	C_LepFolR		Arthropoda	Insecta	Lepidoptera						RKTCAACMAATCATAAAGATATTGG	TAAACTTCWGGRTGWCCAAAAAATCA	COI-5P	BOLDistilled_COI_Apr2026	550	950	658	0.95	0.97	0.6	0.97
Plate02	A06	ON-OAT002-02-A06	CATATATATCAGCTGT	TCTCTCGATATGATAG	C_LepFolF	C_LepFolR		Arthropoda	Insecta	Lepidoptera						RKTCAACMAATCATAAAGATATTGG	TAAACTTCWGGRTGWCCAAAAAATCA	COI-5P	BOLDistilled_COI_Apr2026	550	950	658	0.95	0.97	0.6	0.97
Plate02	A07	ON-OAT002-02-A07	TCTGTATCTCTATGTG	TCTCTCGATATGATAG	C_LepFolF	C_LepFolR		Arthropoda	Insecta	Lepidoptera						RKTCAACMAATCATAAAGATATTGG	TAAACTTCWGGRTGWCCAAAAAATCA	COI-5P	BOLDistilled_COI_Apr2026	550	950	658	0.95	0.97	0.6	0.97
Plate02	A08	ON-OAT002-02-A08	ACAGTCGAGCGCTGCG	TCTCTCGATATGATAG	C_LepFolF	C_LepFolR		Arthropoda	Insecta	Lepidoptera						RKTCAACMAATCATAAAGATATTGG	TAAACTTCWGGRTGWCCAAAAAATCA	COI-5P	BOLDistilled_COI_Apr2026	550	950	658	0.95	0.97	0.6	0.97
Plate02	A09	ON-OAT002-02-A09	ACACACGCGAGACAGA	TCTCTCGATATGATAG	C_LepFolF	C_LepFolR		Arthropoda	Insecta	Lepidoptera						RKTCAACMAATCATAAAGATATTGG	TAAACTTCWGGRTGWCCAAAAAATCA	COI-5P	BOLDistilled_COI_Apr2026	550	950	658	0.95	0.97	0.6	0.97
Plate02	A10	ON-OAT002-02-A10	ACGCGCTATCTCAGAG	TCTCTCGATATGATAG	C_LepFolF	C_LepFolR		Arthropoda	Insecta	Lepidoptera						RKTCAACMAATCATAAAGATATTGG	TAAACTTCWGGRTGWCCAAAAAATCA	COI-5P	BOLDistilled_COI_Apr2026	550	950	658	0.95	0.97	0.6	0.97
Plate02	A11	ON-OAT002-02-A11	CTATACGTATATCTAT	TCTCTCGATATGATAG	C_LepFolF	C_LepFolR		Arthropoda	Insecta	Hymenoptera						RKTCAACMAATCATAAAGATATTGG	TAAACTTCWGGRTGWCCAAAAAATCA	COI-5P	BOLDistilled_COI_Apr2026	550	950	658	0.95	0.97	0.6	0.97
Plate02	A12	ON-OAT002-02-A12	ACACTAGATCGCGTGT	TCTCTCGATATGATAG	C_LepFolF	C_LepFolR		Arthropoda	Insecta	Lepidoptera						RKTCAACMAATCATAAAGATATTGG	TAAACTTCWGGRTGWCCAAAAAATCA	COI-5P	BOLDistilled_COI_Apr2026	550	950	658	0.95	0.97	0.6	0.97
Plate02	B01	ON-OAT002-02-B01	CTCTCGCATACGCGAG	TCTCTCGATATGATAG	C_LepFolF	C_LepFolR		Arthropoda	Insecta	Hemiptera						RKTCAACMAATCATAAAGATATTGG	TAAACTTCWGGRTGWCCAAAAAATCA	COI-5P	BOLDistilled_COI_Apr2026	550	950	658	0.95	0.97	0.6	0.97
Plate02	B02	ON-OAT002-02-B02	CTCACTACGCGCGCGT	TCTCTCGATATGATAG	C_LepFolF	C_LepFolR		Arthropoda	Insecta	Diptera						RKTCAACMAATCATAAAGATATTGG	TAAACTTCWGGRTGWCCAAAAAATCA	COI-5P	BOLDistilled_COI_Apr2026	550	950	658	0.95	0.97	0.6	0.97
Plate02	B03	ON-OAT002-02-B03	CGCATGACACGTGTGT	TCTCTCGATATGATAG	C_LepFolF	C_LepFolR		Arthropoda	Insecta	Lepidoptera						RKTCAACMAATCATAAAGATATTGG	TAAACTTCWGGRTGWCCAAAAAATCA	COI-5P	BOLDistilled_COI_Apr2026	550	950	658	0.95	0.97	0.6	0.97
Plate02	B04	ON-OAT002-02-B04	CATAGAGAGATAGTAT	TCTCTCGATATGATAG	C_LepFolF	C_LepFolR		Arthropoda	Insecta	Diptera						RKTCAACMAATCATAAAGATATTGG	TAAACTTCWGGRTGWCCAAAAAATCA	COI-5P	BOLDistilled_COI_Apr2026	550	950	658	0.95	0.97	0.6	0.97
Plate02	B05	ON-OAT002-02-B05	CACACGCGCGCTATAT	TCTCTCGATATGATAG	C_LepFolF	C_LepFolR		Arthropoda	Insecta	Lepidoptera						RKTCAACMAATCATAAAGATATTGG	TAAACTTCWGGRTGWCCAAAAAATCA	COI-5P	BOLDistilled_COI_Apr2026	550	950	658	0.95	0.97	0.6	0.97
Plate02	B06	ON-OAT002-02-B06	TCACGTGCTCACTGTG	TCTCTCGATATGATAG	C_LepFolF	C_LepFolR		Arthropoda	Insecta	Lepidoptera						RKTCAACMAATCATAAAGATATTGG	TAAACTTCWGGRTGWCCAAAAAATCA	COI-5P	BOLDistilled_COI_Apr2026	550	950	658	0.95	0.97	0.6	0.97
Plate02	B07	ON-OAT002-02-B07	ACACACTCTATCAGAT	TCTCTCGATATGATAG	C_LepFolF	C_LepFolR		Arthropoda	Insecta	Diptera						RKTCAACMAATCATAAAGATATTGG	TAAACTTCWGGRTGWCCAAAAAATCA	COI-5P	BOLDistilled_COI_Apr2026	550	950	658	0.95	0.97	0.6	0.97
Plate02	B08	ON-OAT002-02-B08	CACGACACGACGATGT	TCTCTCGATATGATAG	C_LepFolF	C_LepFolR		Arthropoda	Insecta	Hemiptera						RKTCAACMAATCATAAAGATATTGG	TAAACTTCWGGRTGWCCAAAAAATCA	COI-5P	BOLDistilled_COI_Apr2026	550	950	658	0.95	0.97	0.6	0.97
Plate02	B09	ON-OAT002-02-B09	CTATACATAGTGATGT	TCTCTCGATATGATAG	C_LepFolF	C_LepFolR		Arthropoda	Insecta	Diptera						RKTCAACMAATCATAAAGATATTGG	TAAACTTCWGGRTGWCCAAAAAATCA	COI-5P	BOLDistilled_COI_Apr2026	550	950	658	0.95	0.97	0.6	0.97
Plate02	B10	ON-OAT002-02-B10	CACTCACGTGTGATAT	TCTCTCGATATGATAG	C_LepFolF	C_LepFolR		Arthropoda	Insecta	Diptera						RKTCAACMAATCATAAAGATATTGG	TAAACTTCWGGRTGWCCAAAAAATCA	COI-5P	BOLDistilled_COI_Apr2026	550	950	658	0.95	0.97	0.6	0.97
Plate02	B11	ON-OAT002-02-B11	CAGAGAGATATCTCTG	TCTCTCGATATGATAG	C_LepFolF	C_LepFolR		Arthropoda	Insecta	Lepidoptera						RKTCAACMAATCATAAAGATATTGG	TAAACTTCWGGRTGWCCAAAAAATCA	COI-5P	BOLDistilled_COI_Apr2026	550	950	658	0.95	0.97	0.6	0.97
Plate02	B12	ON-OAT002-02-B12	CATGTAGAGCAGAGAG	TCTCTCGATATGATAG	C_LepFolF	C_LepFolR		Arthropoda	Insecta	Diptera						RKTCAACMAATCATAAAGATATTGG	TAAACTTCWGGRTGWCCAAAAAATCA	COI-5P	BOLDistilled_COI_Apr2026	550	950	658	0.95	0.97	0.6	0.97
Plate02	C01	ON-OAT002-02-C01	CGCGACACGCTCGCGC	TCTCTCGATATGATAG	C_LepFolF	C_LepFolR		Arthropoda	Insecta	Lepidoptera						RKTCAACMAATCATAAAGATATTGG	TAAACTTCWGGRTGWCCAAAAAATCA	COI-5P	BOLDistilled_COI_Apr2026	550	950	658	0.95	0.97	0.6	0.97
Plate02	C02	ON-OAT002-02-C02	CACAGAGACACGCACA	TCTCTCGATATGATAG	C_LepFolF	C_LepFolR		Arthropoda	Insecta	Hemiptera						RKTCAACMAATCATAAAGATATTGG	TAAACTTCWGGRTGWCCAAAAAATCA	COI-5P	BOLDistilled_COI_Apr2026	550	950	658	0.95	0.97	0.6	0.97
Plate02	C03	ON-OAT002-02-C03	CTCACACTCTCTCACA	TCTCTCGATATGATAG	C_LepFolF	C_LepFolR		Arthropoda	Insecta	Hymenoptera						RKTCAACMAATCATAAAGATATTGG	TAAACTTCWGGRTGWCCAAAAAATCA	COI-5P	BOLDistilled_COI_Apr2026	550	950	658	0.95	0.97	0.6	0.97
Plate02	C04	ON-OAT002-02-C04	CTCTGCTCTGACTCTC	TCTCTCGATATGATAG	C_LepFolF	C_LepFolR		Arthropoda	Insecta	Diptera						RKTCAACMAATCATAAAGATATTGG	TAAACTTCWGGRTGWCCAAAAAATCA	COI-5P	BOLDistilled_COI_Apr2026	550	950	658	0.95	0.97	0.6	0.97
Plate02	C05	ON-OAT002-02-C05	TATATATGTCTATAGA	TCTCTCGATATGATAG	C_LepFolF	C_LepFolR		Arthropoda	Insecta	Hymenoptera						RKTCAACMAATCATAAAGATATTGG	TAAACTTCWGGRTGWCCAAAAAATCA	COI-5P	BOLDistilled_COI_Apr2026	550	950	658	0.95	0.97	0.6	0.97
Plate02	C06	ON-OAT002-02-C06	TCTCTCTATCGCGCTC	TCTCTCGATATGATAG	C_LepFolF	C_LepFolR		Arthropoda	Insecta	Hymenoptera						RKTCAACMAATCATAAAGATATTGG	TAAACTTCWGGRTGWCCAAAAAATCA	COI-5P	BOLDistilled_COI_Apr2026	550	950	658	0.95	0.97	0.6	0.97
Plate02	C07	ON-OAT002-02-C07	GATGTCTGAGTGTGTG	TCTCTCGATATGATAG	C_LepFolF	C_LepFolR		Arthropoda	Insecta	Hymenoptera						RKTCAACMAATCATAAAGATATTGG	TAAACTTCWGGRTGWCCAAAAAATCA	COI-5P	BOLDistilled_COI_Apr2026	550	950	658	0.95	0.97	0.6	0.97
Plate02	C08	ON-OAT002-02-C08	GAGACTAGAGATAGTG	TCTCTCGATATGATAG	C_LepFolF	C_LepFolR		Arthropoda	Insecta	Hymenoptera						RKTCAACMAATCATAAAGATATTGG	TAAACTTCWGGRTGWCCAAAAAATCA	COI-5P	BOLDistilled_COI_Apr2026	550	950	658	0.95	0.97	0.6	0.97
Plate02	C09	ON-OAT002-02-C09	TCTCGTCGCAGTCTCT	TCTCTCGATATGATAG	C_LepFolF	C_LepFolR		Arthropoda	Insecta	Diptera						RKTCAACMAATCATAAAGATATTGG	TAAACTTCWGGRTGWCCAAAAAATCA	COI-5P	BOLDistilled_COI_Apr2026	550	950	658	0.95	0.97	0.6	0.97
Plate02	C10	ON-OAT002-02-C10	ATGTGTATATAGATAT	TCTCTCGATATGATAG	C_LepFolF	C_LepFolR		Arthropoda	Insecta	Diptera						RKTCAACMAATCATAAAGATATTGG	TAAACTTCWGGRTGWCCAAAAAATCA	COI-5P	BOLDistilled_COI_Apr2026	550	950	658	0.95	0.97	0.6	0.97
Plate02	C11	ON-OAT002-02-C11	GCGCGCGCACTCTCTG	TCTCTCGATATGATAG	C_LepFolF	C_LepFolR		Arthropoda	Insecta	Lepidoptera						RKTCAACMAATCATAAAGATATTGG	TAAACTTCWGGRTGWCCAAAAAATCA	COI-5P	BOLDistilled_COI_Apr2026	550	950	658	0.95	0.97	0.6	0.97
Plate02	C12	ON-OAT002-02-C12	GAGACACGTCGCACAC	TCTCTCGATATGATAG	C_LepFolF	C_LepFolR		Arthropoda	Insecta	Lepidoptera						RKTCAACMAATCATAAAGATATTGG	TAAACTTCWGGRTGWCCAAAAAATCA	COI-5P	BOLDistilled_COI_Apr2026	550	950	658	0.95	0.97	0.6	0.97
Plate02	D01	ON-OAT002-02-D01	ACACATATCGCACTAC	TCTCTCGATATGATAG	C_LepFolF	C_LepFolR		Arthropoda	Insecta	Diptera						RKTCAACMAATCATAAAGATATTGG	TAAACTTCWGGRTGWCCAAAAAATCA	COI-5P	BOLDistilled_COI_Apr2026	550	950	658	0.95	0.97	0.6	0.97
Plate02	D02	ON-OAT002-02-D02	GTGTGTCTCGATGCGC	TCTCTCGATATGATAG	C_LepFolF	C_LepFolR		Arthropoda	Insecta	Hymenoptera						RKTCAACMAATCATAAAGATATTGG	TAAACTTCWGGRTGWCCAAAAAATCA	COI-5P	BOLDistilled_COI_Apr2026	550	950	658	0.95	0.97	0.6	0.97
Plate02	D03	ON-OAT002-02-D03	CGCACACATAGATACA	TCTCTCGATATGATAG	C_LepFolF	C_LepFolR		Arthropoda	Insecta	Lepidoptera						RKTCAACMAATCATAAAGATATTGG	TAAACTTCWGGRTGWCCAAAAAATCA	COI-5P	BOLDistilled_COI_Apr2026	550	950	658	0.95	0.97	0.6	0.97
Plate02	D04	ON-OAT002-02-D04	TGTCATATGAGAGTGT	TCTCTCGATATGATAG	C_LepFolF	C_LepFolR		Arthropoda	Insecta	Hymenoptera						RKTCAACMAATCATAAAGATATTGG	TAAACTTCWGGRTGWCCAAAAAATCA	COI-5P	BOLDistilled_COI_Apr2026	550	950	658	0.95	0.97	0.6	0.97
Plate02	D05	ON-OAT002-02-D05	TCTCGCGCGTGCACGC	TCTCTCGATATGATAG	C_LepFolF	C_LepFolR		Arthropoda	Insecta	Diptera						RKTCAACMAATCATAAAGATATTGG	TAAACTTCWGGRTGWCCAAAAAATCA	COI-5P	BOLDistilled_COI_Apr2026	550	950	658	0.95	0.97	0.6	0.97
Plate02	D06	ON-OAT002-02-D06	CTCGCTCGACGAGCGC	TCTCTCGATATGATAG	C_LepFolF	C_LepFolR		Arthropoda	Insecta	Diptera						RKTCAACMAATCATAAAGATATTGG	TAAACTTCWGGRTGWCCAAAAAATCA	COI-5P	BOLDistilled_COI_Apr2026	550	950	658	0.95	0.97	0.6	0.97
Plate02	D07	ON-OAT002-02-D07	TATAGAGCTCTACATA	TCTCTCGATATGATAG	C_LepFolF	C_LepFolR		Arthropoda	Insecta	Lepidoptera						RKTCAACMAATCATAAAGATATTGG	TAAACTTCWGGRTGWCCAAAAAATCA	COI-5P	BOLDistilled_COI_Apr2026	550	950	658	0.95	0.97	0.6	0.97
Plate02	D08	ON-OAT002-02-D08	GCTGAGACGACGCGCG	TCTCTCGATATGATAG	C_LepFolF	C_LepFolR		Arthropoda	Insecta	Hemiptera						RKTCAACMAATCATAAAGATATTGG	TAAACTTCWGGRTGWCCAAAAAATCA	COI-5P	BOLDistilled_COI_Apr2026	550	950	658	0.95	0.97	0.6	0.97
Plate02	D09	ON-OAT002-02-D09	ACATATCGTACTCTCT	TCTCTCGATATGATAG	C_LepFolF	C_LepFolR		Arthropoda	Insecta	Hemiptera						RKTCAACMAATCATAAAGATATTGG	TAAACTTCWGGRTGWCCAAAAAATCA	COI-5P	BOLDistilled_COI_Apr2026	550	950	658	0.95	0.97	0.6	0.97
Plate02	D10	ON-OAT002-02-D10	GATATATCGAGTATAT	TCTCTCGATATGATAG	C_LepFolF	C_LepFolR		Arthropoda	Insecta	Diptera						RKTCAACMAATCATAAAGATATTGG	TAAACTTCWGGRTGWCCAAAAAATCA	COI-5P	BOLDistilled_COI_Apr2026	550	950	658	0.95	0.97	0.6	0.97
Plate02	D11	ON-OAT002-02-D11	TGTCATGTGTACACAC	TCTCTCGATATGATAG	C_LepFolF	C_LepFolR		Arthropoda	Insecta	Diptera						RKTCAACMAATCATAAAGATATTGG	TAAACTTCWGGRTGWCCAAAAAATCA	COI-5P	BOLDistilled_COI_Apr2026	550	950	658	0.95	0.97	0.6	0.97
Plate02	D12	ON-OAT002-02-D12	GTGTGCACTCACACTC	TCTCTCGATATGATAG	C_LepFolF	C_LepFolR		Arthropoda	Insecta	Coleoptera						RKTCAACMAATCATAAAGATATTGG	TAAACTTCWGGRTGWCCAAAAAATCA	COI-5P	BOLDistilled_COI_Apr2026	550	950	658	0.95	0.97	0.6	0.97
Plate02	E01	ON-OAT002-02-E01	ACACGTGTGCTCTCTC	TCTCTCGATATGATAG	C_LepFolF	C_LepFolR		Arthropoda	Insecta	Hemiptera						RKTCAACMAATCATAAAGATATTGG	TAAACTTCWGGRTGWCCAAAAAATCA	COI-5P	BOLDistilled_COI_Apr2026	550	950	658	0.95	0.97	0.6	0.97
Plate02	E02	ON-OAT002-02-E02	GATATACGCGAGAGAG	TCTCTCGATATGATAG	C_LepFolF	C_LepFolR		Arthropoda	Insecta	Hemiptera						RKTCAACMAATCATAAAGATATTGG	TAAACTTCWGGRTGWCCAAAAAATCA	COI-5P	BOLDistilled_COI_Apr2026	550	950	658	0.95	0.97	0.6	0.97
Plate02	E03	ON-OAT002-02-E03	CGTGTCTAGCGCGCGC	TCTCTCGATATGATAG	C_LepFolF	C_LepFolR		Arthropoda	Insecta	Lepidoptera						RKTCAACMAATCATAAAGATATTGG	TAAACTTCWGGRTGWCCAAAAAATCA	COI-5P	BOLDistilled_COI_Apr2026	550	950	658	0.95	0.97	0.6	0.97
Plate02	E04	ON-OAT002-02-E04	GTGTGAGATATATATC	TCTCTCGATATGATAG	C_LepFolF	C_LepFolR		Arthropoda	Insecta	Lepidoptera						RKTCAACMAATCATAAAGATATTGG	TAAACTTCWGGRTGWCCAAAAAATCA	COI-5P	BOLDistilled_COI_Apr2026	550	950	658	0.95	0.97	0.6	0.97
Plate02	E05	ON-OAT002-02-E05	CTCACGTACGTCACAC	TCTCTCGATATGATAG	C_LepFolF	C_LepFolR		Arthropoda	Insecta	Hemiptera						RKTCAACMAATCATAAAGATATTGG	TAAACTTCWGGRTGWCCAAAAAATCA	COI-5P	BOLDistilled_COI_Apr2026	550	950	658	0.95	0.97	0.6	0.97
Plate02	E06	ON-OAT002-02-E06	GCGCACGCACTACAGA	TCTCTCGATATGATAG	C_LepFolF	C_LepFolR		Arthropoda	Insecta	Diptera						RKTCAACMAATCATAAAGATATTGG	TAAACTTCWGGRTGWCCAAAAAATCA	COI-5P	BOLDistilled_COI_Apr2026	550	950	658	0.95	0.97	0.6	0.97
Plate02	E07	ON-OAT002-02-E07	CACACGAGATCTCATC	TCTCTCGATATGATAG	C_LepFolF	C_LepFolR		Arthropoda	Insecta	Diptera						RKTCAACMAATCATAAAGATATTGG	TAAACTTCWGGRTGWCCAAAAAATCA	COI-5P	BOLDistilled_COI_Apr2026	550	950	658	0.95	0.97	0.6	0.97
Plate02	E08	ON-OAT002-02-E08	AGACACACACGCACAT	TCTCTCGATATGATAG	C_LepFolF	C_LepFolR		Arthropoda	Insecta	Diptera						RKTCAACMAATCATAAAGATATTGG	TAAACTTCWGGRTGWCCAAAAAATCA	COI-5P	BOLDistilled_COI_Apr2026	550	950	658	0.95	0.97	0.6	0.97
Plate02	E09	ON-OAT002-02-E09	GACGAGCGTCTGAGAG	TCTCTCGATATGATAG	C_LepFolF	C_LepFolR		Arthropoda	Insecta	Diptera						RKTCAACMAATCATAAAGATATTGG	TAAACTTCWGGRTGWCCAAAAAATCA	COI-5P	BOLDistilled_COI_Apr2026	550	950	658	0.95	0.97	0.6	0.97
Plate02	E10	ON-OAT002-02-E10	TGTGTCTCTGAGAGTA	TCTCTCGATATGATAG	C_LepFolF	C_LepFolR		Arthropoda	Insecta	Hymenoptera						RKTCAACMAATCATAAAGATATTGG	TAAACTTCWGGRTGWCCAAAAAATCA	COI-5P	BOLDistilled_COI_Apr2026	550	950	658	0.95	0.97	0.6	0.97
Plate02	E11	ON-OAT002-02-E11	CACACGCACTGAGATA	TCTCTCGATATGATAG	C_LepFolF	C_LepFolR		Arthropoda	Insecta	Lepidoptera						RKTCAACMAATCATAAAGATATTGG	TAAACTTCWGGRTGWCCAAAAAATCA	COI-5P	BOLDistilled_COI_Apr2026	550	950	658	0.95	0.97	0.6	0.97
Plate02	E12	ON-OAT002-02-E12	GATGAGTATAGACACA	TCTCTCGATATGATAG	C_LepFolF	C_LepFolR		Arthropoda	Insecta	Lepidoptera						RKTCAACMAATCATAAAGATATTGG	TAAACTTCWGGRTGWCCAAAAAATCA	COI-5P	BOLDistilled_COI_Apr2026	550	950	658	0.95	0.97	0.6	0.97
Plate02	F01	ON-OAT002-02-F01	GCTGTGTGTGCTCGTC	TCTCTCGATATGATAG	C_LepFolF	C_LepFolR		Arthropoda	Insecta	Diptera						RKTCAACMAATCATAAAGATATTGG	TAAACTTCWGGRTGWCCAAAAAATCA	COI-5P	BOLDistilled_COI_Apr2026	550	950	658	0.95	0.97	0.6	0.97
Plate02	F02	ON-OAT002-02-F02	TCTCAGATAGTCTATA	TCTCTCGATATGATAG	C_LepFolF	C_LepFolR		Arthropoda	Insecta	Lepidoptera						RKTCAACMAATCATAAAGATATTGG	TAAACTTCWGGRTGWCCAAAAAATCA	COI-5P	BOLDistilled_COI_Apr2026	550	950	658	0.95	0.97	0.6	0.97
Plate02	F03	ON-OAT002-02-F03	ACACGCATGACACACT	TCTCTCGATATGATAG	C_LepFolF	C_LepFolR		Arthropoda	Insecta	Hymenoptera						RKTCAACMAATCATAAAGATATTGG	TAAACTTCWGGRTGWCCAAAAAATCA	COI-5P	BOLDistilled_COI_Apr2026	550	950	658	0.95	0.97	0.6	0.97
Plate02	F04	ON-OAT002-02-F04	TATATACAGAGTCGAG	TCTCTCGATATGATAG	C_LepFolF	C_LepFolR		Arthropoda	Insecta	Lepidoptera						RKTCAACMAATCATAAAGATATTGG	TAAACTTCWGGRTGWCCAAAAAATCA	COI-5P	BOLDistilled_COI_Apr2026	550	950	658	0.95	0.97	0.6	0.97
Plate02	F05	ON-OAT002-02-F05	GCGCTCTCTCACATAC	TCTCTCGATATGATAG	C_LepFolF	C_LepFolR		Arthropoda	Insecta	Hymenoptera						RKTCAACMAATCATAAAGATATTGG	TAAACTTCWGGRTGWCCAAAAAATCA	COI-5P	BOLDistilled_COI_Apr2026	550	950	658	0.95	0.97	0.6	0.97
Plate02	F06	ON-OAT002-02-F06	TATATGCTCTGTGTGA	TCTCTCGATATGATAG	C_LepFolF	C_LepFolR		Arthropoda	Insecta	Diptera						RKTCAACMAATCATAAAGATATTGG	TAAACTTCWGGRTGWCCAAAAAATCA	COI-5P	BOLDistilled_COI_Apr2026	550	950	658	0.95	0.97	0.6	0.97
Plate02	F07	ON-OAT002-02-F07	CTCTATATATCTCGTC	TCTCTCGATATGATAG	C_LepFolF	C_LepFolR		Arthropoda	Insecta	Diptera						RKTCAACMAATCATAAAGATATTGG	TAAACTTCWGGRTGWCCAAAAAATCA	COI-5P	BOLDistilled_COI_Apr2026	550	950	658	0.95	0.97	0.6	0.97
Plate02	F08	ON-OAT002-02-F08	AGAGAGCTCTCTCATC	TCTCTCGATATGATAG	C_LepFolF	C_LepFolR		Arthropoda	Insecta	Diptera						RKTCAACMAATCATAAAGATATTGG	TAAACTTCWGGRTGWCCAAAAAATCA	COI-5P	BOLDistilled_COI_Apr2026	550	950	658	0.95	0.97	0.6	0.97
Plate02	F09	ON-OAT002-02-F09	GCGAGAGTGAGACGCA	TCTCTCGATATGATAG	C_LepFolF	C_LepFolR		Arthropoda	Insecta	Diptera						RKTCAACMAATCATAAAGATATTGG	TAAACTTCWGGRTGWCCAAAAAATCA	COI-5P	BOLDistilled_COI_Apr2026	550	950	658	0.95	0.97	0.6	0.97
Plate02	F10	ON-OAT002-02-F10	TGCTCTCGTGTACTGT	TCTCTCGATATGATAG	C_LepFolF	C_LepFolR		Arthropoda	Insecta	Hymenoptera						RKTCAACMAATCATAAAGATATTGG	TAAACTTCWGGRTGWCCAAAAAATCA	COI-5P	BOLDistilled_COI_Apr2026	550	950	658	0.95	0.97	0.6	0.97
Plate02	F11	ON-OAT002-02-F11	AGCGCTGCGACACGCG	TCTCTCGATATGATAG	C_LepFolF	C_LepFolR		Arthropoda	Insecta	Hemiptera						RKTCAACMAATCATAAAGATATTGG	TAAACTTCWGGRTGWCCAAAAAATCA	COI-5P	BOLDistilled_COI_Apr2026	550	950	658	0.95	0.97	0.6	0.97
Plate02	F12	ON-OAT002-02-F12	AGACGCGAGCGCGTAG	TCTCTCGATATGATAG	C_LepFolF	C_LepFolR		Arthropoda	Insecta	Diptera						RKTCAACMAATCATAAAGATATTGG	TAAACTTCWGGRTGWCCAAAAAATCA	COI-5P	BOLDistilled_COI_Apr2026	550	950	658	0.95	0.97	0.6	0.97
Plate02	G01	ON-OAT002-02-G01	GCGTGTGTCGAGTGTA	TCTCTCGATATGATAG	C_LepFolF	C_LepFolR		Arthropoda	Insecta	Hymenoptera						RKTCAACMAATCATAAAGATATTGG	TAAACTTCWGGRTGWCCAAAAAATCA	COI-5P	BOLDistilled_COI_Apr2026	550	950	658	0.95	0.97	0.6	0.97
Plate02	G02	ON-OAT002-02-G02	TGTACGCTCTCTATAT	TCTCTCGATATGATAG	C_LepFolF	C_LepFolR		Arthropoda	Insecta	Diptera						RKTCAACMAATCATAAAGATATTGG	TAAACTTCWGGRTGWCCAAAAAATCA	COI-5P	BOLDistilled_COI_Apr2026	550	950	658	0.95	0.97	0.6	0.97
Plate02	G03	ON-OAT002-02-G03	TAGAGAGCGTCGCGTG	TCTCTCGATATGATAG	C_LepFolF	C_LepFolR		Arthropoda	Insecta	Diptera						RKTCAACMAATCATAAAGATATTGG	TAAACTTCWGGRTGWCCAAAAAATCA	COI-5P	BOLDistilled_COI_Apr2026	550	950	658	0.95	0.97	0.6	0.97
Plate02	G04	ON-OAT002-02-G04	GTGCACTCGCGCTCTC	TCTCTCGATATGATAG	C_LepFolF	C_LepFolR		Arthropoda	Insecta	Diptera						RKTCAACMAATCATAAAGATATTGG	TAAACTTCWGGRTGWCCAAAAAATCA	COI-5P	BOLDistilled_COI_Apr2026	550	950	658	0.95	0.97	0.6	0.97
Plate02	G05	ON-OAT002-02-G05	TATCTCTCGAGTCGCG	TCTCTCGATATGATAG	C_LepFolF	C_LepFolR		Arthropoda	Insecta	Hymenoptera						RKTCAACMAATCATAAAGATATTGG	TAAACTTCWGGRTGWCCAAAAAATCA	COI-5P	BOLDistilled_COI_Apr2026	550	950	658	0.95	0.97	0.6	0.97
Plate02	G06	ON-OAT002-02-G06	CTCACACATACACGTC	TCTCTCGATATGATAG	C_LepFolF	C_LepFolR		Arthropoda	Insecta	Hymenoptera						RKTCAACMAATCATAAAGATATTGG	TAAACTTCWGGRTGWCCAAAAAATCA	COI-5P	BOLDistilled_COI_Apr2026	550	950	658	0.95	0.97	0.6	0.97
Plate02	G07	ON-OAT002-02-G07	ATAGTACACTCTGTGT	TCTCTCGATATGATAG	C_LepFolF	C_LepFolR		Arthropoda	Insecta	Hymenoptera						RKTCAACMAATCATAAAGATATTGG	TAAACTTCWGGRTGWCCAAAAAATCA	COI-5P	BOLDistilled_COI_Apr2026	550	950	658	0.95	0.97	0.6	0.97
Plate02	G08	ON-OAT002-02-G08	TATCTCTGTAGAGTCT	TCTCTCGATATGATAG	C_LepFolF	C_LepFolR		Arthropoda	Insecta	Hymenoptera						RKTCAACMAATCATAAAGATATTGG	TAAACTTCWGGRTGWCCAAAAAATCA	COI-5P	BOLDistilled_COI_Apr2026	550	950	658	0.95	0.97	0.6	0.97
Plate02	G09	ON-OAT002-02-G09	GATATATATGTGTGTA	TCTCTCGATATGATAG	C_LepFolF	C_LepFolR		Arthropoda	Insecta	Diptera						RKTCAACMAATCATAAAGATATTGG	TAAACTTCWGGRTGWCCAAAAAATCA	COI-5P	BOLDistilled_COI_Apr2026	550	950	658	0.95	0.97	0.6	0.97
Plate02	G10	ON-OAT002-02-G10	GTGACACACAGAGCAC	TCTCTCGATATGATAG	C_LepFolF	C_LepFolR		Arthropoda	Insecta	Diptera						RKTCAACMAATCATAAAGATATTGG	TAAACTTCWGGRTGWCCAAAAAATCA	COI-5P	BOLDistilled_COI_Apr2026	550	950	658	0.95	0.97	0.6	0.97
Plate02	G11	ON-OAT002-02-G11	ATATGACATACACGCA	TCTCTCGATATGATAG	C_LepFolF	C_LepFolR		Arthropoda	Insecta	Diptera						RKTCAACMAATCATAAAGATATTGG	TAAACTTCWGGRTGWCCAAAAAATCA	COI-5P	BOLDistilled_COI_Apr2026	550	950	658	0.95	0.97	0.6	0.97
Plate02	G12	ON-OAT002-02-G12	CGTCTCTCGTCTGTGC	TCTCTCGATATGATAG	C_LepFolF	C_LepFolR		Arthropoda	Insecta	Diptera						RKTCAACMAATCATAAAGATATTGG	TAAACTTCWGGRTGWCCAAAAAATCA	COI-5P	BOLDistilled_COI_Apr2026	550	950	658	0.95	0.97	0.6	0.97
Plate02	H01	ON-OAT002-02-H01	ACACAGTAGAGCGAGC	TCTCTCGATATGATAG	C_LepFolF	C_LepFolR		Arthropoda	Insecta	Diptera						RKTCAACMAATCATAAAGATATTGG	TAAACTTCWGGRTGWCCAAAAAATCA	COI-5P	BOLDistilled_COI_Apr2026	550	950	658	0.95	0.97	0.6	0.97
Plate02	H02	ON-OAT002-02-H02	GTCGCGCATAGAGCGC	TCTCTCGATATGATAG	C_LepFolF	C_LepFolR		Arthropoda	Insecta	Hymenoptera						RKTCAACMAATCATAAAGATATTGG	TAAACTTCWGGRTGWCCAAAAAATCA	COI-5P	BOLDistilled_COI_Apr2026	550	950	658	0.95	0.97	0.6	0.97
Plate02	H03	ON-OAT002-02-H03	CTATCTAGCACTCACA	TCTCTCGATATGATAG	C_LepFolF	C_LepFolR		Arthropoda	Insecta	Diptera						RKTCAACMAATCATAAAGATATTGG	TAAACTTCWGGRTGWCCAAAAAATCA	COI-5P	BOLDistilled_COI_Apr2026	550	950	658	0.95	0.97	0.6	0.97
Plate02	H04	ON-OAT002-02-H04	CGTGTCACTCTGCGTG	TCTCTCGATATGATAG	C_LepFolF	C_LepFolR		Arthropoda	Insecta	Hymenoptera						RKTCAACMAATCATAAAGATATTGG	TAAACTTCWGGRTGWCCAAAAAATCA	COI-5P	BOLDistilled_COI_Apr2026	550	950	658	0.95	0.97	0.6	0.97
Plate02	H05	ON-OAT002-02-H05	CGCGCGAGTATCTCGT	TCTCTCGATATGATAG	C_LepFolF	C_LepFolR		Arthropoda	Arachnida	Araneae						RKTCAACMAATCATAAAGATATTGG	TAAACTTCWGGRTGWCCAAAAAATCA	COI-5P	BOLDistilled_COI_Apr2026	550	950	658	0.95	0.97	0.6	0.97
Plate02	H06	ON-OAT002-02-H06	AGCACACATATAGCGC	TCTCTCGATATGATAG	C_LepFolF	C_LepFolR		Arthropoda	Insecta	Lepidoptera						RKTCAACMAATCATAAAGATATTGG	TAAACTTCWGGRTGWCCAAAAAATCA	COI-5P	BOLDistilled_COI_Apr2026	550	950	658	0.95	0.97	0.6	0.97
Plate02	H07	ON-OAT002-02-H07	GTATATATATACGTCT	TCTCTCGATATGATAG	C_LepFolF	C_LepFolR		Arthropoda	Insecta	Diptera						RKTCAACMAATCATAAAGATATTGG	TAAACTTCWGGRTGWCCAAAAAATCA	COI-5P	BOLDistilled_COI_Apr2026	550	950	658	0.95	0.97	0.6	0.97
Plate02	H08	ON-OAT002-02-H08	TCTCACGAGAGCGCAC	TCTCTCGATATGATAG	C_LepFolF	C_LepFolR		Arthropoda	Insecta	Diptera						RKTCAACMAATCATAAAGATATTGG	TAAACTTCWGGRTGWCCAAAAAATCA	COI-5P	BOLDistilled_COI_Apr2026	550	950	658	0.95	0.97	0.6	0.97
Plate02	H09	ON-OAT002-02-H09	TAGATGCGAGAGTAGA	TCTCTCGATATGATAG	C_LepFolF	C_LepFolR		Arthropoda	Arachnida	Araneae						RKTCAACMAATCATAAAGATATTGG	TAAACTTCWGGRTGWCCAAAAAATCA	COI-5P	BOLDistilled_COI_Apr2026	550	950	658	0.95	0.97	0.6	0.97
Plate02	H10	ON-OAT002-02-H10	ATAGCGACATCTCTCT	TCTCTCGATATGATAG	C_LepFolF	C_LepFolR		Arthropoda	Insecta	Diptera						RKTCAACMAATCATAAAGATATTGG	TAAACTTCWGGRTGWCCAAAAAATCA	COI-5P	BOLDistilled_COI_Apr2026	550	950	658	0.95	0.97	0.6	0.97
Plate02	H11	ON-OAT002-02-H11	GCACGATGTCAGCGCG	TCTCTCGATATGATAG	C_LepFolF	C_LepFolR		Arthropoda	Insecta	Hymenoptera						RKTCAACMAATCATAAAGATATTGG	TAAACTTCWGGRTGWCCAAAAAATCA	COI-5P	BOLDistilled_COI_Apr2026	550	950	658	0.95	0.97	0.6	0.97
Plate02	H12	ON-OAT002-02-CONTROL-H12	TGTGCTCTCTACACAG	TCTCTCGATATGATAG	C_LepFolF	C_LepFolR	yes									RKTCAACMAATCATAAAGATATTGG	TAAACTTCWGGRTGWCCAAAAAATCA	COI-5P	BOLDistilled_COI_Apr2026	550	950	658	0.95	0.97	0.6	0.97
